kepid,label,file
10002261,stellar_eclipse,dataset/10002261.npz
10015516,unlabeled,dataset/10015516.npz
10019708,stellar_eclipse,dataset/10019708.npz
10019763,stellar_eclipse,dataset/10019763.npz
10031500,not_transit,dataset/10031500.npz
10031656,stellar_eclipse,dataset/10031656.npz
10031885,stellar_eclipse,dataset/10031885.npz
10033279,centroid_offset,dataset/10033279.npz
10068024,stellar_eclipse,dataset/10068024.npz
10068030,stellar_eclipse,dataset/10068030.npz
10090257,stellar_eclipse,dataset/10090257.npz
10098844,not_transit,dataset/10098844.npz
10118816,transit,dataset/10118816.npz
10122255,transit,dataset/10122255.npz
10125352,stellar_eclipse,dataset/10125352.npz
10141900,transit,dataset/10141900.npz
10148521,centroid_offset,dataset/10148521.npz
10149023,transit,dataset/10149023.npz
10153827,unlabeled,dataset/10153827.npz
10154388,transit,dataset/10154388.npz
10157458,transit,dataset/10157458.npz
10158990,stellar_eclipse,dataset/10158990.npz
10166274,transit,dataset/10166274.npz
10187017,transit,dataset/10187017.npz
10189557,centroid_offset,dataset/10189557.npz
10202759,centroid_offset,dataset/10202759.npz
10206675,stellar_eclipse,dataset/10206675.npz
10212441,not_transit,dataset/10212441.npz
10223616,not_transit,dataset/10223616.npz
10227501,centroid_offset,dataset/10227501.npz
10232123,centroid_offset,dataset/10232123.npz
10232693,centroid_offset,dataset/10232693.npz
10268907,Ephemeris match,dataset/10268907.npz
1026957,transit,dataset/1026957.npz
10272640,transit,dataset/10272640.npz
1027438,not_transit,dataset/1027438.npz
10275766,unlabeled,dataset/10275766.npz
10287248,stellar_eclipse,dataset/10287248.npz
10287723,transit,dataset/10287723.npz
10294465,unlabeled,dataset/10294465.npz
10295951,transit,dataset/10295951.npz
10319385,transit,dataset/10319385.npz
10330115,transit,dataset/10330115.npz
10337517,transit,dataset/10337517.npz
10341831,centroid_offset,dataset/10341831.npz
10341913,centroid_offset,dataset/10341913.npz
10341917,Ephemeris match,dataset/10341917.npz
10342041,centroid_offset,dataset/10342041.npz
10342065,centroid_offset,dataset/10342065.npz
10350571,not_transit,dataset/10350571.npz
10351231,transit,dataset/10351231.npz
10351767,not_transit,dataset/10351767.npz
10352945,centroid_offset,dataset/10352945.npz
10354039,transit,dataset/10354039.npz
10363281,stellar_eclipse,dataset/10363281.npz
10383687,stellar_eclipse,dataset/10383687.npz
10387742,not_transit,dataset/10387742.npz
10407221,centroid_offset,dataset/10407221.npz
10415227,centroid_offset,dataset/10415227.npz
10419211,stellar_eclipse,dataset/10419211.npz
10419312,centroid_offset,dataset/10419312.npz
10426656,transit,dataset/10426656.npz
10460629,transit,dataset/10460629.npz
10464078,stellar_eclipse,dataset/10464078.npz
10467815,not_transit,dataset/10467815.npz
10468940,transit,dataset/10468940.npz
10470206,centroid_offset,dataset/10470206.npz
10480921,centroid_offset,dataset/10480921.npz
10480982,centroid_offset,dataset/10480982.npz
10482160,transit,dataset/10482160.npz
10485069,not_transit,dataset/10485069.npz
10485179,centroid_offset,dataset/10485179.npz
10485250,stellar_eclipse,dataset/10485250.npz
10488450,centroid_offset,dataset/10488450.npz
10514430,Ephemeris match,dataset/10514430.npz
10514770,stellar_eclipse,dataset/10514770.npz
10518399,stellar_eclipse,dataset/10518399.npz
10518725,stellar_eclipse,dataset/10518725.npz
10526549,transit,dataset/10526549.npz
10527135,stellar_eclipse,dataset/10527135.npz
10528068,transit,dataset/10528068.npz
10549562,stellar_eclipse,dataset/10549562.npz
10554967,centroid_offset,dataset/10554967.npz
10555375,centroid_offset,dataset/10555375.npz
10583066,transit,dataset/10583066.npz
10583180,stellar_eclipse,dataset/10583180.npz
10586208,transit,dataset/10586208.npz
10593759,stellar_eclipse,dataset/10593759.npz
10599397,stellar_eclipse,dataset/10599397.npz
10601284,transit,dataset/10601284.npz
10611420,centroid_offset,dataset/10611420.npz
10616571,stellar_eclipse,dataset/10616571.npz
10619142,centroid_offset,dataset/10619142.npz
10620329,not_transit,dataset/10620329.npz
10657664,stellar_eclipse,dataset/10657664.npz
10661771,stellar_eclipse,dataset/10661771.npz
10662202,not_transit,dataset/10662202.npz
10666230,stellar_eclipse,dataset/10666230.npz
10666242,stellar_eclipse,dataset/10666242.npz
10666592,transit,dataset/10666592.npz
10676923,centroid_offset,dataset/10676923.npz
10679583,centroid_offset,dataset/10679583.npz
10682541,transit,dataset/10682541.npz
10686814,centroid_offset,dataset/10686814.npz
10730034,transit,dataset/10730034.npz
10743597,centroid_offset,dataset/10743597.npz
10747445,stellar_eclipse,dataset/10747445.npz
10748393,not_transit,dataset/10748393.npz
10785538,stellar_eclipse,dataset/10785538.npz
10797460,transit,dataset/10797460.npz
10799735,stellar_eclipse,dataset/10799735.npz
10801100,not_transit,dataset/10801100.npz
10811496,transit,dataset/10811496.npz
10843203,stellar_eclipse,dataset/10843203.npz
10848459,stellar_eclipse,dataset/10848459.npz
10854555,transit,dataset/10854555.npz
10854768,transit,dataset/10854768.npz
10858691,transit,dataset/10858691.npz
10861715,unlabeled,dataset/10861715.npz
10872983,transit,dataset/10872983.npz
10874226,stellar_eclipse,dataset/10874226.npz
10874926,stellar_eclipse,dataset/10874926.npz
10875245,transit,dataset/10875245.npz
10876237,stellar_eclipse,dataset/10876237.npz
10879208,stellar_eclipse,dataset/10879208.npz
10910878,transit,dataset/10910878.npz
10924853,centroid_offset,dataset/10924853.npz
10925113,centroid_offset,dataset/10925113.npz
10960993,stellar_eclipse,dataset/10960993.npz
10964440,transit,dataset/10964440.npz
10971674,stellar_eclipse,dataset/10971674.npz
10973814,transit,dataset/10973814.npz
10984090,transit,dataset/10984090.npz
10987985,transit,dataset/10987985.npz
11013201,transit,dataset/11013201.npz
11014932,transit,dataset/11014932.npz
11018648,transit,dataset/11018648.npz
11030711,transit,dataset/11030711.npz
11043136,stellar_eclipse,dataset/11043136.npz
11044770,stellar_eclipse,dataset/11044770.npz
11075279,transit,dataset/11075279.npz
11086270,transit,dataset/11086270.npz
11100657,stellar_eclipse,dataset/11100657.npz
11100670,stellar_eclipse,dataset/11100670.npz
11122894,transit,dataset/11122894.npz
11125936,stellar_eclipse,dataset/11125936.npz
11129738,transit,dataset/11129738.npz
11138155,transit,dataset/11138155.npz
11152159,stellar_eclipse,dataset/11152159.npz
11153539,transit,dataset/11153539.npz
11176127,transit,dataset/11176127.npz
11180361,transit,dataset/11180361.npz
11188249,centroid_offset,dataset/11188249.npz
11189127,stellar_eclipse,dataset/11189127.npz
11192141,stellar_eclipse,dataset/11192141.npz
11193447,unlabeled,dataset/11193447.npz
11197126,stellar_eclipse,dataset/11197126.npz
11200415,centroid_offset,dataset/11200415.npz
11231334,stellar_eclipse,dataset/11231334.npz
11242721,stellar_eclipse,dataset/11242721.npz
11246364,unlabeled,dataset/11246364.npz
11255231,centroid_offset,dataset/11255231.npz
11255761,stellar_eclipse,dataset/11255761.npz
11288505,transit,dataset/11288505.npz
11303815,centroid_offset,dataset/11303815.npz
11304958,transit,dataset/11304958.npz
11359879,transit,dataset/11359879.npz
11391957,transit,dataset/11391957.npz
11401182,transit,dataset/11401182.npz
11401822,stellar_eclipse,dataset/11401822.npz
11403044,transit,dataset/11403044.npz
11414511,transit,dataset/11414511.npz
11442465,stellar_eclipse,dataset/11442465.npz
11446443,transit,dataset/11446443.npz
11449844,transit,dataset/11449844.npz
11455491,stellar_eclipse,dataset/11455491.npz
11456382,centroid_offset,dataset/11456382.npz
11460018,transit,dataset/11460018.npz
11463211,centroid_offset,dataset/11463211.npz
11465813,stellar_eclipse,dataset/11465813.npz
11493431,transit,dataset/11493431.npz
11493732,stellar_eclipse,dataset/11493732.npz
11494130,not_transit,dataset/11494130.npz
11502218,transit,dataset/11502218.npz
11507101,transit,dataset/11507101.npz
11512246,transit,dataset/11512246.npz
11521048,stellar_eclipse,dataset/11521048.npz
11546211,stellar_eclipse,dataset/11546211.npz
11548140,stellar_eclipse,dataset/11548140.npz
11599038,not_transit,dataset/11599038.npz
11599264,stellar_eclipse,dataset/11599264.npz
11607193,stellar_eclipse,dataset/11607193.npz
1161345,transit,dataset/1161345.npz
11656302,stellar_eclipse,dataset/11656302.npz
11656840,stellar_eclipse,dataset/11656840.npz
11673674,stellar_eclipse,dataset/11673674.npz
11752908,Ephemeris match,dataset/11752908.npz
11754553,transit,dataset/11754553.npz
11760959,centroid_offset,dataset/11760959.npz
11761199,stellar_eclipse,dataset/11761199.npz
11769801,not_transit,dataset/11769801.npz
11774303,stellar_eclipse,dataset/11774303.npz
11774387,stellar_eclipse,dataset/11774387.npz
11775507,transit,dataset/11775507.npz
11812062,transit,dataset/11812062.npz
11818800,transit,dataset/11818800.npz
11820830,stellar_eclipse,dataset/11820830.npz
11853255,transit,dataset/11853255.npz
11858748,centroid_offset,dataset/11858748.npz
11869052,stellar_eclipse,dataset/11869052.npz
11909839,stellar_eclipse,dataset/11909839.npz
11912932,centroid_offset,dataset/11912932.npz
11913012,stellar_eclipse,dataset/11913012.npz
11913013,stellar_eclipse,dataset/11913013.npz
11913073,stellar_eclipse,dataset/11913073.npz
11918099,transit,dataset/11918099.npz
11922678,centroid_offset,dataset/11922678.npz
11923270,transit,dataset/11923270.npz
11955499,stellar_eclipse,dataset/11955499.npz
11960862,transit,dataset/11960862.npz
11972666,stellar_eclipse,dataset/11972666.npz
11974540,transit,dataset/11974540.npz
12016267,transit,dataset/12016267.npz
12017140,stellar_eclipse,dataset/12017140.npz
12020329,transit,dataset/12020329.npz
12023078,stellar_eclipse,dataset/12023078.npz
12061096,centroid_offset,dataset/12061096.npz
12061238,centroid_offset,dataset/12061238.npz
12062667,centroid_offset,dataset/12062667.npz
12066335,transit,dataset/12066335.npz
12070811,transit,dataset/12070811.npz
12071037,centroid_offset,dataset/12071037.npz
12105051,transit,dataset/12105051.npz
12106929,stellar_eclipse,dataset/12106929.npz
12107021,centroid_offset,dataset/12107021.npz
12108312,stellar_eclipse,dataset/12108312.npz
12110786,centroid_offset,dataset/12110786.npz
12110942,transit,dataset/12110942.npz
12167361,stellar_eclipse,dataset/12167361.npz
12216278,centroid_offset,dataset/12216278.npz
12316431,stellar_eclipse,dataset/12316431.npz
12366084,transit,dataset/12366084.npz
12404086,transit,dataset/12404086.npz
12459725,Ephemeris match,dataset/12459725.npz
12470844,transit,dataset/12470844.npz
12504988,stellar_eclipse,dataset/12504988.npz
12506351,stellar_eclipse,dataset/12506351.npz
12508335,stellar_eclipse,dataset/12508335.npz
12643589,stellar_eclipse,dataset/12643589.npz
12644774,stellar_eclipse,dataset/12644774.npz
12644822,transit,dataset/12644822.npz
1431122,transit,dataset/1431122.npz
1432214,stellar_eclipse,dataset/1432214.npz
1432789,transit,dataset/1432789.npz
1433962,stellar_eclipse,dataset/1433962.npz
1571511,stellar_eclipse,dataset/1571511.npz
1718189,transit,dataset/1718189.npz
1722276,not_transit,dataset/1722276.npz
1725016,transit,dataset/1725016.npz
1865042,transit,dataset/1865042.npz
1871056,transit,dataset/1871056.npz
1996679,stellar_eclipse,dataset/1996679.npz
2141783,stellar_eclipse,dataset/2141783.npz
2157247,unlabeled,dataset/2157247.npz
2162635,transit,dataset/2162635.npz
2164169,transit,dataset/2164169.npz
2165002,transit,dataset/2165002.npz
2166206,centroid_offset,dataset/2166206.npz
2302548,transit,dataset/2302548.npz
2306756,stellar_eclipse,dataset/2306756.npz
2307199,transit,dataset/2307199.npz
2309585,stellar_eclipse,dataset/2309585.npz
2309719,stellar_eclipse,dataset/2309719.npz
2436378,stellar_eclipse,dataset/2436378.npz
2437505,unlabeled,dataset/2437505.npz
2438070,stellar_eclipse,dataset/2438070.npz
2438502,stellar_eclipse,dataset/2438502.npz
2438513,centroid_offset,dataset/2438513.npz
2440757,stellar_eclipse,dataset/2440757.npz
2441728,centroid_offset,dataset/2441728.npz
2445129,stellar_eclipse,dataset/2445129.npz
2445154,centroid_offset,dataset/2445154.npz
2445975,stellar_eclipse,dataset/2445975.npz
2446113,transit,dataset/2446113.npz
2449074,stellar_eclipse,dataset/2449074.npz
2452450,stellar_eclipse,dataset/2452450.npz
2558363,centroid_offset,dataset/2558363.npz
2573056,stellar_eclipse,dataset/2573056.npz
2574201,stellar_eclipse,dataset/2574201.npz
2574338,transit,dataset/2574338.npz
2576197,unlabeled,dataset/2576197.npz
2584163,transit,dataset/2584163.npz
2695110,stellar_eclipse,dataset/2695110.npz
2708885,centroid_offset,dataset/2708885.npz
2713049,transit,dataset/2713049.npz
2715135,transit,dataset/2715135.npz
2716853,centroid_offset,dataset/2716853.npz
2720309,unlabeled,dataset/2720309.npz
2720514,centroid_offset,dataset/2720514.npz
2721030,transit,dataset/2721030.npz
2837111,transit,dataset/2837111.npz
2849805,transit,dataset/2849805.npz
2851100,stellar_eclipse,dataset/2851100.npz
2853093,transit,dataset/2853093.npz
2853446,transit,dataset/2853446.npz
2853828,not_transit,dataset/2853828.npz
2854698,transit,dataset/2854698.npz
2854914,transit,dataset/2854914.npz
2860866,transit,dataset/2860866.npz
2989706,stellar_eclipse,dataset/2989706.npz
3001885,centroid_offset,dataset/3001885.npz
3003992,centroid_offset,dataset/3003992.npz
3097346,centroid_offset,dataset/3097346.npz
3098184,stellar_eclipse,dataset/3098184.npz
3109930,transit,dataset/3109930.npz
3113266,stellar_eclipse,dataset/3113266.npz
3114167,transit,dataset/3114167.npz
3114661,stellar_eclipse,dataset/3114661.npz
3114811,transit,dataset/3114811.npz
3115833,transit,dataset/3115833.npz
3116302,unlabeled,dataset/3116302.npz
3116412,transit,dataset/3116412.npz
3120276,centroid_offset,dataset/3120276.npz
3120431,stellar_eclipse,dataset/3120431.npz
3124412,stellar_eclipse,dataset/3124412.npz
3128793,stellar_eclipse,dataset/3128793.npz
3130300,centroid_offset,dataset/3130300.npz
3130548,stellar_eclipse,dataset/3130548.npz
3218908,transit,dataset/3218908.npz
3228824,centroid_offset,dataset/3228824.npz
3228945,stellar_eclipse,dataset/3228945.npz
3228959,centroid_offset,dataset/3228959.npz
3230491,transit,dataset/3230491.npz
3230578,stellar_eclipse,dataset/3230578.npz
3230753,centroid_offset,dataset/3230753.npz
3231137,stellar_eclipse,dataset/3231137.npz
3231341,transit,dataset/3231341.npz
3232859,stellar_eclipse,dataset/3232859.npz
3233043,unlabeled,dataset/3233043.npz
3235672,not_transit,dataset/3235672.npz
3239636,centroid_offset,dataset/3239636.npz
3240158,transit,dataset/3240158.npz
3240706,stellar_eclipse,dataset/3240706.npz
3241557,centroid_offset,dataset/3241557.npz
3241604,stellar_eclipse,dataset/3241604.npz
3245969,transit,dataset/3245969.npz
3246984,centroid_offset,dataset/3246984.npz
3247268,transit,dataset/3247268.npz
3247396,stellar_eclipse,dataset/3247396.npz
3324986,centroid_offset,dataset/3324986.npz
3328052,centroid_offset,dataset/3328052.npz
3329204,transit,dataset/3329204.npz
3336765,stellar_eclipse,dataset/3336765.npz
3337351,stellar_eclipse,dataset/3337351.npz
3337425,centroid_offset,dataset/3337425.npz
3337432,centroid_offset,dataset/3337432.npz
3340070,unlabeled,dataset/3340070.npz
3340312,centroid_offset,dataset/3340312.npz
3342592,stellar_eclipse,dataset/3342592.npz
3342970,transit,dataset/3342970.npz
3344419,not_transit,dataset/3344419.npz
3348082,transit,dataset/3348082.npz
3348285,centroid_offset,dataset/3348285.npz
3351888,transit,dataset/3351888.npz
3437776,centroid_offset,dataset/3437776.npz
3438507,transit,dataset/3438507.npz
3438975,centroid_offset,dataset/3438975.npz
3440861,not_transit,dataset/3440861.npz
3441784,stellar_eclipse,dataset/3441784.npz
3443790,stellar_eclipse,dataset/3443790.npz
3444588,transit,dataset/3444588.npz
3447722,transit,dataset/3447722.npz
3453214,transit,dataset/3453214.npz
3531558,transit,dataset/3531558.npz
3533469,centroid_offset,dataset/3533469.npz
3541800,centroid_offset,dataset/3541800.npz
3542588,centroid_offset,dataset/3542588.npz
3544689,stellar_eclipse,dataset/3544689.npz
3547091,stellar_eclipse,dataset/3547091.npz
3554031,transit,dataset/3554031.npz
3554600,centroid_offset,dataset/3554600.npz
3556220,stellar_eclipse,dataset/3556220.npz
3557341,not_transit,dataset/3557341.npz
3557493,Ephemeris match,dataset/3557493.npz
3558981,stellar_eclipse,dataset/3558981.npz
3560301,not_transit,dataset/3560301.npz
3632418,transit,dataset/3632418.npz
3641726,transit,dataset/3641726.npz
3642741,unlabeled,dataset/3642741.npz
3644071,not_transit,dataset/3644071.npz
3644653,centroid_offset,dataset/3644653.npz
3654095,centroid_offset,dataset/3654095.npz
3654719,centroid_offset,dataset/3654719.npz
3655332,stellar_eclipse,dataset/3655332.npz
3657176,centroid_offset,dataset/3657176.npz
3730335,centroid_offset,dataset/3730335.npz
3734868,stellar_eclipse,dataset/3734868.npz
3742855,stellar_eclipse,dataset/3742855.npz
3747262,centroid_offset,dataset/3747262.npz
3749365,transit,dataset/3749365.npz
3756801,transit,dataset/3756801.npz
3765771,stellar_eclipse,dataset/3765771.npz
3832474,not_transit,dataset/3832474.npz
3832716,not_transit,dataset/3832716.npz
3834322,stellar_eclipse,dataset/3834322.npz
3834360,stellar_eclipse,dataset/3834360.npz
3835670,transit,dataset/3835670.npz
3836375,centroid_offset,dataset/3836375.npz
3838486,centroid_offset,dataset/3838486.npz
3847708,stellar_eclipse,dataset/3847708.npz
3848972,stellar_eclipse,dataset/3848972.npz
3849155,stellar_eclipse,dataset/3849155.npz
3853673,stellar_eclipse,dataset/3853673.npz
3858704,centroid_offset,dataset/3858704.npz
3858804,stellar_eclipse,dataset/3858804.npz
3858824,stellar_eclipse,dataset/3858824.npz
3858949,stellar_eclipse,dataset/3858949.npz
3859079,transit,dataset/3859079.npz
3859363,centroid_offset,dataset/3859363.npz
3859628,transit,dataset/3859628.npz
3860441,centroid_offset,dataset/3860441.npz
3861611,centroid_offset,dataset/3861611.npz
3862246,stellar_eclipse,dataset/3862246.npz
3865567,stellar_eclipse,dataset/3865567.npz
3869014,transit,dataset/3869014.npz
3869825,stellar_eclipse,dataset/3869825.npz
3935914,transit,dataset/3935914.npz
3940418,transit,dataset/3940418.npz
3942446,transit,dataset/3942446.npz
3946023,stellar_eclipse,dataset/3946023.npz
3957082,centroid_offset,dataset/3957082.npz
3962243,transit,dataset/3962243.npz
3964562,stellar_eclipse,dataset/3964562.npz
3966912,stellar_eclipse,dataset/3966912.npz
4035667,Ephemeris match,dataset/4035667.npz
4037164,stellar_eclipse,dataset/4037164.npz
4042026,stellar_eclipse,dataset/4042026.npz
4043443,stellar_eclipse,dataset/4043443.npz
4044005,stellar_eclipse,dataset/4044005.npz
4049108,centroid_offset,dataset/4049108.npz
4049131,transit,dataset/4049131.npz
4055774,centroid_offset,dataset/4055774.npz
4060815,not_transit,dataset/4060815.npz
4061149,transit,dataset/4061149.npz
4067336,stellar_eclipse,dataset/4067336.npz
4070376,stellar_eclipse,dataset/4070376.npz
4072333,centroid_offset,dataset/4072333.npz
4075015,stellar_eclipse,dataset/4075015.npz
4076976,centroid_offset,dataset/4076976.npz
4078157,transit,dataset/4078157.npz
4079535,stellar_eclipse,dataset/4079535.npz
4139816,transit,dataset/4139816.npz
4150539,centroid_offset,dataset/4150539.npz
4150624,centroid_offset,dataset/4150624.npz
4159347,stellar_eclipse,dataset/4159347.npz
4165960,centroid_offset,dataset/4165960.npz
4180280,transit,dataset/4180280.npz
4180401,stellar_eclipse,dataset/4180401.npz
4247092,stellar_eclipse,dataset/4247092.npz
4247791,stellar_eclipse,dataset/4247791.npz
4270565,centroid_offset,dataset/4270565.npz
4275117,centroid_offset,dataset/4275117.npz
4275191,transit,dataset/4275191.npz
4275739,stellar_eclipse,dataset/4275739.npz
4285107,centroid_offset,dataset/4285107.npz
4365442,centroid_offset,dataset/4365442.npz
4367854,centroid_offset,dataset/4367854.npz
4372768,stellar_eclipse,dataset/4372768.npz
4374339,centroid_offset,dataset/4374339.npz
4376644,stellar_eclipse,dataset/4376644.npz
4381282,stellar_eclipse,dataset/4381282.npz
4384675,unlabeled,dataset/4384675.npz
4386059,centroid_offset,dataset/4386059.npz
4391348,centroid_offset,dataset/4391348.npz
4459924,centroid_offset,dataset/4459924.npz
4476123,transit,dataset/4476123.npz
4476423,not_transit,dataset/4476423.npz
4480676,stellar_eclipse,dataset/4480676.npz
4544670,transit,dataset/4544670.npz
4551328,stellar_eclipse,dataset/4551328.npz
4551663,centroid_offset,dataset/4551663.npz
4568298,stellar_eclipse,dataset/4568298.npz
4570931,centroid_offset,dataset/4570931.npz
4639868,stellar_eclipse,dataset/4639868.npz
4649305,stellar_eclipse,dataset/4649305.npz
4664046,stellar_eclipse,dataset/4664046.npz
4664847,transit,dataset/4664847.npz
4677282,stellar_eclipse,dataset/4677282.npz
4725681,transit,dataset/4725681.npz
4743513,stellar_eclipse,dataset/4743513.npz
4826110,centroid_offset,dataset/4826110.npz
4828341,stellar_eclipse,dataset/4828341.npz
4829935,centroid_offset,dataset/4829935.npz
4832175,centroid_offset,dataset/4832175.npz
4832197,stellar_eclipse,dataset/4832197.npz
4833135,unlabeled,dataset/4833135.npz
4840513,not_transit,dataset/4840513.npz
4844004,stellar_eclipse,dataset/4844004.npz
4847782,stellar_eclipse,dataset/4847782.npz
4848424,centroid_offset,dataset/4848424.npz
4858610,centroid_offset,dataset/4858610.npz
4860932,stellar_eclipse,dataset/4860932.npz
4861527,stellar_eclipse,dataset/4861527.npz
4861791,centroid_offset,dataset/4861791.npz
4913852,transit,dataset/4913852.npz
4932348,stellar_eclipse,dataset/4932348.npz
4936180,transit,dataset/4936180.npz
4940438,stellar_eclipse,dataset/4940438.npz
4949751,stellar_eclipse,dataset/4949751.npz
4950232,centroid_offset,dataset/4950232.npz
5003117,stellar_eclipse,dataset/5003117.npz
5009189,stellar_eclipse,dataset/5009189.npz
5014903,centroid_offset,dataset/5014903.npz
5021176,stellar_eclipse,dataset/5021176.npz
5021737,stellar_eclipse,dataset/5021737.npz
5021899,transit,dataset/5021899.npz
5023956,stellar_eclipse,dataset/5023956.npz
5024450,stellar_eclipse,dataset/5024450.npz
5035972,stellar_eclipse,dataset/5035972.npz
5039129,centroid_offset,dataset/5039129.npz
5041569,stellar_eclipse,dataset/5041569.npz
5077629,stellar_eclipse,dataset/5077629.npz
5078939,stellar_eclipse,dataset/5078939.npz
5091016,stellar_eclipse,dataset/5091016.npz
5094751,transit,dataset/5094751.npz
5097470,stellar_eclipse,dataset/5097470.npz
5097868,centroid_offset,dataset/5097868.npz
5108214,stellar_eclipse,dataset/5108214.npz
5108946,centroid_offset,dataset/5108946.npz
5115978,transit,dataset/5115978.npz
5122112,stellar_eclipse,dataset/5122112.npz
5124254,centroid_offset,dataset/5124254.npz
5130369,stellar_eclipse,dataset/5130369.npz
5164255,transit,dataset/5164255.npz
5193400,stellar_eclipse,dataset/5193400.npz
5210475,centroid_offset,dataset/5210475.npz
5212220,centroid_offset,dataset/5212220.npz
5213902,centroid_offset,dataset/5213902.npz
5217586,centroid_offset,dataset/5217586.npz
5217891,centroid_offset,dataset/5217891.npz
5218441,stellar_eclipse,dataset/5218441.npz
5252423,transit,dataset/5252423.npz
5270698,stellar_eclipse,dataset/5270698.npz
5272878,transit,dataset/5272878.npz
5282049,stellar_eclipse,dataset/5282049.npz
5282051,centroid_offset,dataset/5282051.npz
5283542,centroid_offset,dataset/5283542.npz
5287983,stellar_eclipse,dataset/5287983.npz
5288570,centroid_offset,dataset/5288570.npz
5297298,stellar_eclipse,dataset/5297298.npz
5302643,stellar_eclipse,dataset/5302643.npz
5303551,centroid_offset,dataset/5303551.npz
5307568,centroid_offset,dataset/5307568.npz
5307858,centroid_offset,dataset/5307858.npz
5308387,centroid_offset,dataset/5308387.npz
5308663,transit,dataset/5308663.npz
5308666,centroid_offset,dataset/5308666.npz
5358241,transit,dataset/5358241.npz
5358624,transit,dataset/5358624.npz
5370302,stellar_eclipse,dataset/5370302.npz
5372966,stellar_eclipse,dataset/5372966.npz
5376067,stellar_eclipse,dataset/5376067.npz
5376836,stellar_eclipse,dataset/5376836.npz
5385439,centroid_offset,dataset/5385439.npz
5387843,centroid_offset,dataset/5387843.npz
5392702,centroid_offset,dataset/5392702.npz
5396122,stellar_eclipse,dataset/5396122.npz
5428668,centroid_offset,dataset/5428668.npz
5436502,transit,dataset/5436502.npz
5443604,stellar_eclipse,dataset/5443604.npz
5444549,stellar_eclipse,dataset/5444549.npz
5446285,not_transit,dataset/5446285.npz
5456651,transit,dataset/5456651.npz
5471202,centroid_offset,dataset/5471202.npz
5471574,stellar_eclipse,dataset/5471574.npz
5474733,centroid_offset,dataset/5474733.npz
5475641,centroid_offset,dataset/5475641.npz
5477805,centroid_offset,dataset/5477805.npz
5481148,centroid_offset,dataset/5481148.npz
5481416,stellar_eclipse,dataset/5481416.npz
5513866,centroid_offset,dataset/5513866.npz
5513893,Ephemeris match,dataset/5513893.npz
5521300,stellar_eclipse,dataset/5521300.npz
5524881,centroid_offset,dataset/5524881.npz
5529738,Ephemeris match,dataset/5529738.npz
5530882,centroid_offset,dataset/5530882.npz
5531576,transit,dataset/5531576.npz
5534814,stellar_eclipse,dataset/5534814.npz
5542983,stellar_eclipse,dataset/5542983.npz
5544903,centroid_offset,dataset/5544903.npz
5545815,centroid_offset,dataset/5545815.npz
5547480,stellar_eclipse,dataset/5547480.npz
5553652,stellar_eclipse,dataset/5553652.npz
5557821,centroid_offset,dataset/5557821.npz
5564247,centroid_offset,dataset/5564247.npz
5629985,centroid_offset,dataset/5629985.npz
5636648,stellar_eclipse,dataset/5636648.npz
5642620,stellar_eclipse,dataset/5642620.npz
5648449,stellar_eclipse,dataset/5648449.npz
5649215,centroid_offset,dataset/5649215.npz
5649325,centroid_offset,dataset/5649325.npz
5649833,centroid_offset,dataset/5649833.npz
5649956,stellar_eclipse,dataset/5649956.npz
5651104,transit,dataset/5651104.npz
5652237,stellar_eclipse,dataset/5652237.npz
5652983,stellar_eclipse,dataset/5652983.npz
5702939,centroid_offset,dataset/5702939.npz
5717567,centroid_offset,dataset/5717567.npz
5725087,stellar_eclipse,dataset/5725087.npz
5728283,stellar_eclipse,dataset/5728283.npz
5735762,transit,dataset/5735762.npz
5738346,stellar_eclipse,dataset/5738346.npz
5738496,stellar_eclipse,dataset/5738496.npz
5771719,stellar_eclipse,dataset/5771719.npz
5779852,stellar_eclipse,dataset/5779852.npz
5780460,transit,dataset/5780460.npz
5780715,centroid_offset,dataset/5780715.npz
5790807,stellar_eclipse,dataset/5790807.npz
5792202,transit,dataset/5792202.npz
5794379,transit,dataset/5794379.npz
5801571,stellar_eclipse,dataset/5801571.npz
5802246,stellar_eclipse,dataset/5802246.npz
5802486,stellar_eclipse,dataset/5802486.npz
5809890,transit,dataset/5809890.npz
5809954,stellar_eclipse,dataset/5809954.npz
5812701,transit,dataset/5812701.npz
5816165,stellar_eclipse,dataset/5816165.npz
5816811,stellar_eclipse,dataset/5816811.npz
5817553,centroid_offset,dataset/5817553.npz
5817986,centroid_offset,dataset/5817986.npz
5820218,centroid_offset,dataset/5820218.npz
5866099,stellar_eclipse,dataset/5866099.npz
5876368,stellar_eclipse,dataset/5876368.npz
5880320,transit,dataset/5880320.npz
5881688,transit,dataset/5881688.npz
5897826,transit,dataset/5897826.npz
5899544,centroid_offset,dataset/5899544.npz
5956342,transit,dataset/5956342.npz
5956656,transit,dataset/5956656.npz
5956787,stellar_eclipse,dataset/5956787.npz
5963222,stellar_eclipse,dataset/5963222.npz
5964985,unlabeled,dataset/5964985.npz
5982353,stellar_eclipse,dataset/5982353.npz
5982368,stellar_eclipse,dataset/5982368.npz
5988031,centroid_offset,dataset/5988031.npz
5991936,centroid_offset,dataset/5991936.npz
6022556,transit,dataset/6022556.npz
6032497,transit,dataset/6032497.npz
6032981,not_transit,dataset/6032981.npz
6037187,transit,dataset/6037187.npz
6042214,centroid_offset,dataset/6042214.npz
6044553,centroid_offset,dataset/6044553.npz
6047498,stellar_eclipse,dataset/6047498.npz
6048024,stellar_eclipse,dataset/6048024.npz
6056992,stellar_eclipse,dataset/6056992.npz
6058614,stellar_eclipse,dataset/6058614.npz
6060203,transit,dataset/6060203.npz
6061119,transit,dataset/6061119.npz
6066403,centroid_offset,dataset/6066403.npz
6066416,centroid_offset,dataset/6066416.npz
6072593,centroid_offset,dataset/6072593.npz
6124941,centroid_offset,dataset/6124941.npz
6131236,transit,dataset/6131236.npz
6142862,centroid_offset,dataset/6142862.npz
6147122,stellar_eclipse,dataset/6147122.npz
6149553,not_transit,dataset/6149553.npz
6153201,Ephemeris match,dataset/6153201.npz
6153672,stellar_eclipse,dataset/6153672.npz
6185711,centroid_offset,dataset/6185711.npz
6191521,transit,dataset/6191521.npz
6199056,stellar_eclipse,dataset/6199056.npz
6200715,centroid_offset,dataset/6200715.npz
6205468,stellar_eclipse,dataset/6205468.npz
6209637,unlabeled,dataset/6209637.npz
6233573,centroid_offset,dataset/6233573.npz
6267425,stellar_eclipse,dataset/6267425.npz
6272413,transit,dataset/6272413.npz
6276477,transit,dataset/6276477.npz
6279974,stellar_eclipse,dataset/6279974.npz
6291653,transit,dataset/6291653.npz
6292162,stellar_eclipse,dataset/6292162.npz
6301035,stellar_eclipse,dataset/6301035.npz
6307063,stellar_eclipse,dataset/6307063.npz
6307521,centroid_offset,dataset/6307521.npz
6307537,stellar_eclipse,dataset/6307537.npz
6311681,stellar_eclipse,dataset/6311681.npz
6350476,centroid_offset,dataset/6350476.npz
6351097,centroid_offset,dataset/6351097.npz
6359320,transit,dataset/6359320.npz
6359798,stellar_eclipse,dataset/6359798.npz
6362874,transit,dataset/6362874.npz
6364162,centroid_offset,dataset/6364162.npz
6364276,centroid_offset,dataset/6364276.npz
6365321,stellar_eclipse,dataset/6365321.npz
6370120,centroid_offset,dataset/6370120.npz
6387450,stellar_eclipse,dataset/6387450.npz
6388770,stellar_eclipse,dataset/6388770.npz
6390824,centroid_offset,dataset/6390824.npz
6392727,transit,dataset/6392727.npz
6422070,transit,dataset/6422070.npz
6422367,Ephemeris match,dataset/6422367.npz
6428700,transit,dataset/6428700.npz
6432059,not_transit,dataset/6432059.npz
6435936,transit,dataset/6435936.npz
6441738,transit,dataset/6441738.npz
6448890,transit,dataset/6448890.npz
6462874,centroid_offset,dataset/6462874.npz
6470149,stellar_eclipse,dataset/6470149.npz
6500206,stellar_eclipse,dataset/6500206.npz
6507427,Ephemeris match,dataset/6507427.npz
6522242,transit,dataset/6522242.npz
6526710,transit,dataset/6526710.npz
6531491,stellar_eclipse,dataset/6531491.npz
6531496,stellar_eclipse,dataset/6531496.npz
6541920,transit,dataset/6541920.npz
6545051,centroid_offset,dataset/6545051.npz
6545358,stellar_eclipse,dataset/6545358.npz
6546528,stellar_eclipse,dataset/6546528.npz
6579806,stellar_eclipse,dataset/6579806.npz
6587280,transit,dataset/6587280.npz
6599919,transit,dataset/6599919.npz
6603043,stellar_eclipse,dataset/6603043.npz
6606653,stellar_eclipse,dataset/6606653.npz
6607286,transit,dataset/6607286.npz
6607447,transit,dataset/6607447.npz
6612284,Ephemeris match,dataset/6612284.npz
6613006,stellar_eclipse,dataset/6613006.npz
6614629,centroid_offset,dataset/6614629.npz
6621116,stellar_eclipse,dataset/6621116.npz
6627507,centroid_offset,dataset/6627507.npz
6629332,stellar_eclipse,dataset/6629332.npz
6630943,stellar_eclipse,dataset/6630943.npz
6631721,centroid_offset,dataset/6631721.npz
6665223,centroid_offset,dataset/6665223.npz
6666233,stellar_eclipse,dataset/6666233.npz
6670075,stellar_eclipse,dataset/6670075.npz
6675056,stellar_eclipse,dataset/6675056.npz
6677256,stellar_eclipse,dataset/6677256.npz
6685526,transit,dataset/6685526.npz
6690082,transit,dataset/6690082.npz
6692833,centroid_offset,dataset/6692833.npz
6693640,transit,dataset/6693640.npz
6696462,stellar_eclipse,dataset/6696462.npz
6705137,centroid_offset,dataset/6705137.npz
6707908,stellar_eclipse,dataset/6707908.npz
6721123,stellar_eclipse,dataset/6721123.npz
6756669,stellar_eclipse,dataset/6756669.npz
6758917,stellar_eclipse,dataset/6758917.npz
6774826,centroid_offset,dataset/6774826.npz
6781548,stellar_eclipse,dataset/6781548.npz
6784235,transit,dataset/6784235.npz
6837146,transit,dataset/6837146.npz
6847018,stellar_eclipse,dataset/6847018.npz
6849310,transit,dataset/6849310.npz
6862328,transit,dataset/6862328.npz
6862603,stellar_eclipse,dataset/6862603.npz
6863839,centroid_offset,dataset/6863839.npz
6863998,transit,dataset/6863998.npz
6864885,stellar_eclipse,dataset/6864885.npz
6864893,stellar_eclipse,dataset/6864893.npz
6866228,stellar_eclipse,dataset/6866228.npz
6867155,transit,dataset/6867155.npz
6867766,stellar_eclipse,dataset/6867766.npz
6878167,stellar_eclipse,dataset/6878167.npz
6880531,not_transit,dataset/6880531.npz
6889235,not_transit,dataset/6889235.npz
6891543,centroid_offset,dataset/6891543.npz
6922244,transit,dataset/6922244.npz
6932987,transit,dataset/6932987.npz
6936909,transit,dataset/6936909.npz
6948054,transit,dataset/6948054.npz
6948480,stellar_eclipse,dataset/6948480.npz
6949607,transit,dataset/6949607.npz
6956014,stellar_eclipse,dataset/6956014.npz
6956233,stellar_eclipse,dataset/6956233.npz
6960913,transit,dataset/6960913.npz
6962977,transit,dataset/6962977.npz
6964159,centroid_offset,dataset/6964159.npz
7008149,centroid_offset,dataset/7008149.npz
7019489,stellar_eclipse,dataset/7019489.npz
7021681,transit,dataset/7021681.npz
7023960,stellar_eclipse,dataset/7023960.npz
7024222,centroid_offset,dataset/7024222.npz
7024511,Ephemeris match,dataset/7024511.npz
7025526,stellar_eclipse,dataset/7025526.npz
7025846,centroid_offset,dataset/7025846.npz
7031517,transit,dataset/7031517.npz
7032421,not_transit,dataset/7032421.npz
7037540,not_transit,dataset/7037540.npz
7050060,centroid_offset,dataset/7050060.npz
7097534,stellar_eclipse,dataset/7097534.npz
7101828,stellar_eclipse,dataset/7101828.npz
7102227,transit,dataset/7102227.npz
7109675,transit,dataset/7109675.npz
7109851,centroid_offset,dataset/7109851.npz
7118364,transit,dataset/7118364.npz
7134976,transit,dataset/7134976.npz
7135852,transit,dataset/7135852.npz
7136729,centroid_offset,dataset/7136729.npz
7174351,centroid_offset,dataset/7174351.npz
7186665,stellar_eclipse,dataset/7186665.npz
7199774,stellar_eclipse,dataset/7199774.npz
7219761,unlabeled,dataset/7219761.npz
7220322,stellar_eclipse,dataset/7220322.npz
7222086,stellar_eclipse,dataset/7222086.npz
7255336,stellar_eclipse,dataset/7255336.npz
7270230,stellar_eclipse,dataset/7270230.npz
7281454,not_transit,dataset/7281454.npz
7284688,unlabeled,dataset/7284688.npz
7287995,transit,dataset/7287995.npz
7289157,stellar_eclipse,dataset/7289157.npz
7289162,centroid_offset,dataset/7289162.npz
7295235,transit,dataset/7295235.npz
7296086,centroid_offset,dataset/7296086.npz
7303253,transit,dataset/7303253.npz
7357531,stellar_eclipse,dataset/7357531.npz
7366258,transit,dataset/7366258.npz
7373451,transit,dataset/7373451.npz
7375795,centroid_offset,dataset/7375795.npz
7377033,stellar_eclipse,dataset/7377033.npz
7380537,transit,dataset/7380537.npz
7428316,stellar_eclipse,dataset/7428316.npz
7429287,not_transit,dataset/7429287.npz
7433585,stellar_eclipse,dataset/7433585.npz
7434875,transit,dataset/7434875.npz
7449844,stellar_eclipse,dataset/7449844.npz
7455287,transit,dataset/7455287.npz
7458762,transit,dataset/7458762.npz
7515670,stellar_eclipse,dataset/7515670.npz
7531677,centroid_offset,dataset/7531677.npz
7542369,stellar_eclipse,dataset/7542369.npz
7543649,stellar_eclipse,dataset/7543649.npz
7552344,stellar_eclipse,dataset/7552344.npz
757450,transit,dataset/757450.npz
7585481,transit,dataset/7585481.npz
7601633,stellar_eclipse,dataset/7601633.npz
7622486,stellar_eclipse,dataset/7622486.npz
7626506,transit,dataset/7626506.npz
7661065,stellar_eclipse,dataset/7661065.npz
7661409,centroid_offset,dataset/7661409.npz
7663691,transit,dataset/7663691.npz
7672940,stellar_eclipse,dataset/7672940.npz
7678434,transit,dataset/7678434.npz
7684873,stellar_eclipse,dataset/7684873.npz
7685981,transit,dataset/7685981.npz
7692093,transit,dataset/7692093.npz
7697568,stellar_eclipse,dataset/7697568.npz
7700871,centroid_offset,dataset/7700871.npz
7708215,stellar_eclipse,dataset/7708215.npz
7732285,centroid_offset,dataset/7732285.npz
7751571,stellar_eclipse,dataset/7751571.npz
7767559,stellar_eclipse,dataset/7767559.npz
7770450,stellar_eclipse,dataset/7770450.npz
7778437,transit,dataset/7778437.npz
7802136,stellar_eclipse,dataset/7802136.npz
7812167,stellar_eclipse,dataset/7812167.npz
7815931,centroid_offset,dataset/7815931.npz
7825899,transit,dataset/7825899.npz
7830637,stellar_eclipse,dataset/7830637.npz
7837302,stellar_eclipse,dataset/7837302.npz
7838655,centroid_offset,dataset/7838655.npz
7842610,stellar_eclipse,dataset/7842610.npz
7849854,transit,dataset/7849854.npz
7870390,transit,dataset/7870390.npz
7903086,stellar_eclipse,dataset/7903086.npz
7906671,centroid_offset,dataset/7906671.npz
7907423,transit,dataset/7907423.npz
7918217,stellar_eclipse,dataset/7918217.npz
7938496,transit,dataset/7938496.npz
7972785,stellar_eclipse,dataset/7972785.npz
7989422,stellar_eclipse,dataset/7989422.npz
8013419,transit,dataset/8013419.npz
8018547,transit,dataset/8018547.npz
8019043,stellar_eclipse,dataset/8019043.npz
8030148,transit,dataset/8030148.npz
8039892,transit,dataset/8039892.npz
8043714,stellar_eclipse,dataset/8043714.npz
8046689,centroid_offset,dataset/8046689.npz
8074805,stellar_eclipse,dataset/8074805.npz
8081482,stellar_eclipse,dataset/8081482.npz
8098728,stellar_eclipse,dataset/8098728.npz
8107380,transit,dataset/8107380.npz
8111381,stellar_eclipse,dataset/8111381.npz
8113154,stellar_eclipse,dataset/8113154.npz
8125580,transit,dataset/8125580.npz
8127639,centroid_offset,dataset/8127639.npz
8150320,transit,dataset/8150320.npz
8158127,transit,dataset/8158127.npz
8164262,not_transit,dataset/8164262.npz
8167959,unlabeled,dataset/8167959.npz
8174625,transit,dataset/8174625.npz
8176650,stellar_eclipse,dataset/8176650.npz
8176653,centroid_offset,dataset/8176653.npz
8179973,not_transit,dataset/8179973.npz
8180063,centroid_offset,dataset/8180063.npz
8183911,centroid_offset,dataset/8183911.npz
8190354,centroid_offset,dataset/8190354.npz
8192911,centroid_offset,dataset/8192911.npz
8197560,centroid_offset,dataset/8197560.npz
8218274,stellar_eclipse,dataset/8218274.npz
8219268,not_transit,dataset/8219268.npz
8222813,transit,dataset/8222813.npz
8226994,transit,dataset/8226994.npz
8227661,stellar_eclipse,dataset/8227661.npz
8229696,transit,dataset/8229696.npz
8240904,transit,dataset/8240904.npz
8242681,stellar_eclipse,dataset/8242681.npz
8243283,centroid_offset,dataset/8243283.npz
8244190,centroid_offset,dataset/8244190.npz
8246781,stellar_eclipse,dataset/8246781.npz
8247638,transit,dataset/8247638.npz
8248939,centroid_offset,dataset/8248939.npz
8255887,transit,dataset/8255887.npz
8256049,centroid_offset,dataset/8256049.npz
8256453,stellar_eclipse,dataset/8256453.npz
8257407,stellar_eclipse,dataset/8257407.npz
8258171,stellar_eclipse,dataset/8258171.npz
8260218,transit,dataset/8260218.npz
8262210,stellar_eclipse,dataset/8262210.npz
8264070,stellar_eclipse,dataset/8264070.npz
8278371,transit,dataset/8278371.npz
8279765,stellar_eclipse,dataset/8279765.npz
8280511,transit,dataset/8280511.npz
8288947,transit,dataset/8288947.npz
8299955,centroid_offset,dataset/8299955.npz
8302450,centroid_offset,dataset/8302450.npz
8312852,centroid_offset,dataset/8312852.npz
8313667,transit,dataset/8313667.npz
8323753,centroid_offset,dataset/8323753.npz
8330548,stellar_eclipse,dataset/8330548.npz
8345172,stellar_eclipse,dataset/8345172.npz
8346392,transit,dataset/8346392.npz
8349405,not_transit,dataset/8349405.npz
8349582,transit,dataset/8349582.npz
8351704,transit,dataset/8351704.npz
8358012,stellar_eclipse,dataset/8358012.npz
8359498,transit,dataset/8359498.npz
8374494,stellar_eclipse,dataset/8374494.npz
8378634,stellar_eclipse,dataset/8378634.npz
8386035,centroid_offset,dataset/8386035.npz
8394721,transit,dataset/8394721.npz
8395660,transit,dataset/8395660.npz
8397446,centroid_offset,dataset/8397446.npz
8397675,stellar_eclipse,dataset/8397675.npz
8397947,transit,dataset/8397947.npz
8410727,transit,dataset/8410727.npz
8414716,transit,dataset/8414716.npz
8414907,centroid_offset,dataset/8414907.npz
8415745,stellar_eclipse,dataset/8415745.npz
8429415,centroid_offset,dataset/8429415.npz
8429566,stellar_eclipse,dataset/8429566.npz
8453211,stellar_eclipse,dataset/8453211.npz
8454250,centroid_offset,dataset/8454250.npz
8462258,centroid_offset,dataset/8462258.npz
8474898,stellar_eclipse,dataset/8474898.npz
8488878,stellar_eclipse,dataset/8488878.npz
8490993,transit,dataset/8490993.npz
8505670,transit,dataset/8505670.npz
8506766,stellar_eclipse,dataset/8506766.npz
8509361,centroid_offset,dataset/8509361.npz
8519253,stellar_eclipse,dataset/8519253.npz
8544996,transit,dataset/8544996.npz
8552202,transit,dataset/8552202.npz
8552498,stellar_eclipse,dataset/8552498.npz
8552565,stellar_eclipse,dataset/8552565.npz
8552583,stellar_eclipse,dataset/8552583.npz
8554498,not_transit,dataset/8554498.npz
8559644,transit,dataset/8559644.npz
8560285,stellar_eclipse,dataset/8560285.npz
8560804,stellar_eclipse,dataset/8560804.npz
8560840,stellar_eclipse,dataset/8560840.npz
8561063,transit,dataset/8561063.npz
8605074,stellar_eclipse,dataset/8605074.npz
8607720,not_transit,dataset/8607720.npz
8609450,not_transit,dataset/8609450.npz
8616873,transit,dataset/8616873.npz
8620565,transit,dataset/8620565.npz
8621348,stellar_eclipse,dataset/8621348.npz
8628973,transit,dataset/8628973.npz
8644288,transit,dataset/8644288.npz
8655354,stellar_eclipse,dataset/8655354.npz
8672910,unlabeled,dataset/8672910.npz
8676038,unlabeled,dataset/8676038.npz
8686150,stellar_eclipse,dataset/8686150.npz
8687088,centroid_offset,dataset/8687088.npz
8689031,transit,dataset/8689031.npz
8689373,transit,dataset/8689373.npz
8700558,centroid_offset,dataset/8700558.npz
8703884,centroid_offset,dataset/8703884.npz
8703887,stellar_eclipse,dataset/8703887.npz
8737796,centroid_offset,dataset/8737796.npz
8746295,centroid_offset,dataset/8746295.npz
8757910,stellar_eclipse,dataset/8757910.npz
8766222,stellar_eclipse,dataset/8766222.npz
8773869,centroid_offset,dataset/8773869.npz
8801343,stellar_eclipse,dataset/8801343.npz
8803882,stellar_eclipse,dataset/8803882.npz
8804455,centroid_offset,dataset/8804455.npz
8823426,stellar_eclipse,dataset/8823426.npz
8823868,not_transit,dataset/8823868.npz
8826878,transit,dataset/8826878.npz
8845026,stellar_eclipse,dataset/8845026.npz
8847111,centroid_offset,dataset/8847111.npz
8848271,stellar_eclipse,dataset/8848271.npz
8883593,transit,dataset/8883593.npz
8885673,centroid_offset,dataset/8885673.npz
8891318,centroid_offset,dataset/8891318.npz
8892910,stellar_eclipse,dataset/8892910.npz
8914779,centroid_offset,dataset/8914779.npz
8916492,stellar_eclipse,dataset/8916492.npz
892772,centroid_offset,dataset/892772.npz
8937021,stellar_eclipse,dataset/8937021.npz
8948424,stellar_eclipse,dataset/8948424.npz
8949247,stellar_eclipse,dataset/8949247.npz
8951215,transit,dataset/8951215.npz
8953257,stellar_eclipse,dataset/8953257.npz
8956706,unlabeled,dataset/8956706.npz
8958035,stellar_eclipse,dataset/8958035.npz
8963721,centroid_offset,dataset/8963721.npz
8971432,not_transit,dataset/8971432.npz
9002237,stellar_eclipse,dataset/9002237.npz
9007866,not_transit,dataset/9007866.npz
9016295,stellar_eclipse,dataset/9016295.npz
9025922,stellar_eclipse,dataset/9025922.npz
9030447,not_transit,dataset/9030447.npz
9032900,transit,dataset/9032900.npz
9040849,centroid_offset,dataset/9040849.npz
9048161,stellar_eclipse,dataset/9048161.npz
9071386,stellar_eclipse,dataset/9071386.npz
9077124,transit,dataset/9077124.npz
9097120,stellar_eclipse,dataset/9097120.npz
9108085,centroid_offset,dataset/9108085.npz
9110357,stellar_eclipse,dataset/9110357.npz
9119568,not_transit,dataset/9119568.npz
9140402,transit,dataset/9140402.npz
9141746,transit,dataset/9141746.npz
9143254,stellar_eclipse,dataset/9143254.npz
9157908,stellar_eclipse,dataset/9157908.npz
9159242,centroid_offset,dataset/9159242.npz
9159275,stellar_eclipse,dataset/9159275.npz
9164836,stellar_eclipse,dataset/9164836.npz
9166862,transit,dataset/9166862.npz
9166870,centroid_offset,dataset/9166870.npz
9171801,stellar_eclipse,dataset/9171801.npz
9210823,centroid_offset,dataset/9210823.npz
9278553,stellar_eclipse,dataset/9278553.npz
9288786,stellar_eclipse,dataset/9288786.npz
9301506,stellar_eclipse,dataset/9301506.npz
9334289,transit,dataset/9334289.npz
9346253,stellar_eclipse,dataset/9346253.npz
9347899,transit,dataset/9347899.npz
9366886,centroid_offset,dataset/9366886.npz
9369366,centroid_offset,dataset/9369366.npz
9388479,transit,dataset/9388479.npz
9406990,transit,dataset/9406990.npz
9414417,transit,dataset/9414417.npz
9415172,transit,dataset/9415172.npz
9446824,stellar_eclipse,dataset/9446824.npz
9451127,stellar_eclipse,dataset/9451127.npz
9466668,transit,dataset/9466668.npz
9471974,transit,dataset/9471974.npz
9474493,centroid_offset,dataset/9474493.npz
9479273,transit,dataset/9479273.npz
9480189,transit,dataset/9480189.npz
9512687,transit,dataset/9512687.npz
9513865,transit,dataset/9513865.npz
9520668,centroid_offset,dataset/9520668.npz
9535080,stellar_eclipse,dataset/9535080.npz
9536692,stellar_eclipse,dataset/9536692.npz
9579499,stellar_eclipse,dataset/9579499.npz
9579641,transit,dataset/9579641.npz
9591070,centroid_offset,dataset/9591070.npz
9592579,stellar_eclipse,dataset/9592579.npz
9593757,stellar_eclipse,dataset/9593757.npz
9595686,stellar_eclipse,dataset/9595686.npz
9597411,stellar_eclipse,dataset/9597411.npz
9602514,centroid_offset,dataset/9602514.npz
9605514,transit,dataset/9605514.npz
9612825,stellar_eclipse,dataset/9612825.npz
9632895,stellar_eclipse,dataset/9632895.npz
9636563,stellar_eclipse,dataset/9636563.npz
9636569,stellar_eclipse,dataset/9636569.npz
9640439,centroid_offset,dataset/9640439.npz
9641018,stellar_eclipse,dataset/9641018.npz
9641041,stellar_eclipse,dataset/9641041.npz
9652649,centroid_offset,dataset/9652649.npz
9661877,stellar_eclipse,dataset/9661877.npz
9665922,centroid_offset,dataset/9665922.npz
9692128,stellar_eclipse,dataset/9692128.npz
9692345,stellar_eclipse,dataset/9692345.npz
9692557,stellar_eclipse,dataset/9692557.npz
9705459,stellar_eclipse,dataset/9705459.npz
9710326,transit,dataset/9710326.npz
9718379,stellar_eclipse,dataset/9718379.npz
9719634,centroid_offset,dataset/9719634.npz
9724984,centroid_offset,dataset/9724984.npz
9761199,stellar_eclipse,dataset/9761199.npz
9761882,transit,dataset/9761882.npz
9766437,transit,dataset/9766437.npz
9772531,transit,dataset/9772531.npz
9775938,transit,dataset/9775938.npz
9777251,centroid_offset,dataset/9777251.npz
9777256,Ephemeris match,dataset/9777256.npz
9784222,stellar_eclipse,dataset/9784222.npz
9785921,transit,dataset/9785921.npz
9787239,transit,dataset/9787239.npz
9818381,transit,dataset/9818381.npz
9820483,transit,dataset/9820483.npz
9823457,transit,dataset/9823457.npz
9825625,transit,dataset/9825625.npz
9838804,transit,dataset/9838804.npz
9838975,stellar_eclipse,dataset/9838975.npz
9842890,centroid_offset,dataset/9842890.npz
9842906,centroid_offset,dataset/9842906.npz
9842937,centroid_offset,dataset/9842937.npz
9850893,centroid_offset,dataset/9850893.npz
9851226,centroid_offset,dataset/9851226.npz
9851271,centroid_offset,dataset/9851271.npz
9875711,transit,dataset/9875711.npz
9880467,stellar_eclipse,dataset/9880467.npz
9886221,centroid_offset,dataset/9886221.npz
9887224,centroid_offset,dataset/9887224.npz
9895004,centroid_offset,dataset/9895004.npz
9895709,centroid_offset,dataset/9895709.npz
9898364,centroid_offset,dataset/9898364.npz
9899181,stellar_eclipse,dataset/9899181.npz
9899280,stellar_eclipse,dataset/9899280.npz
9899352,stellar_eclipse,dataset/9899352.npz
9899355,stellar_eclipse,dataset/9899355.npz
9899505,centroid_offset,dataset/9899505.npz
9902856,stellar_eclipse,dataset/9902856.npz
9904059,stellar_eclipse,dataset/9904059.npz
9911882,centroid_offset,dataset/9911882.npz
9940565,stellar_eclipse,dataset/9940565.npz
9941662,transit,dataset/9941662.npz
9959589,centroid_offset,dataset/9959589.npz
9963461,stellar_eclipse,dataset/9963461.npz
9964748,centroid_offset,dataset/9964748.npz
9965184,stellar_eclipse,dataset/9965184.npz
9967884,stellar_eclipse,dataset/9967884.npz
9970525,unlabeled,dataset/9970525.npz
9993529,centroid_offset,dataset/9993529.npz
9996632,centroid_offset,dataset/9996632.npz
